phrase_en,phrase_ru,phrase_uz,topic,difficulty
I eat breakfast at 8 AM.,Я ем завтрак в 8 утра.,Men soat 8 da nonushta qilaman.,present_simple,easy
She reads books every evening.,Она читает книги каждый вечер.,U har kech kitob o'qiydi.,present_simple,easy
He drinks water after lunch.,Он пьет воду после обеда.,U tushlikdan keyin suv ichadi.,present_simple,easy
We play games on weekends.,Мы играем в игры по выходным.,Biz dam olish kunlarida o'yin o'ynaymiz.,present_simple,easy
They live in a big house.,Они живут в большом доме.,Ular katta uyda yashaydi.,present_simple,easy
My cat sleeps all day.,Моя кошка спит весь день.,Mening mushukim kun bo'yi uxlaydi.,present_simple,easy
You speak English well.,Ты хорошо говоришь по-английски.,Sen ingliz tilida yaxshi gapirasan.,present_simple,easy
The sun rises in the east.,Солнце встает на востоке.,Quyosh sharqdan chiqadi.,present_simple,easy
Birds fly in the sky.,Птицы летают в небе.,Qushlar osmonda uchadi.,present_simple,easy
Children run in the park.,Дети бегают в парке.,Bolalar parkda yuguradi.,present_simple,easy
I like apples very much.,Я очень люблю яблоки.,Men olma juda yaxshi ko'raman.,present_simple,easy
She cooks dinner every night.,Она готовит ужин каждую ночь.,U har kecha kechki ovqat pishiradi.,present_simple,easy
He watches TV after work.,Он смотрит телевизор после работы.,U ish dan keyin televizor ko'radi.,present_simple,easy
We visit grandparents on Sundays.,Мы посещаем бабушку и дедушку по воскресеньям.,Biz yakshanba kunlari bobomiz va buvimizga boramiz.,present_simple,easy
They dance at parties.,Они танцуют на вечеринках.,Ular ziyofatlarda raqs tushadi.,present_simple,easy
The dog barks at strangers.,Собака лает на незнакомцев.,It begona odamlarga huraydi.,present_simple,easy
You clean your room daily.,Ты убираешь свою комнату ежедневно.,Sen xonangni har kuni tozalaysan.,present_simple,easy
Flowers bloom in spring.,Цветы расцветают весной.,Gullar bahorda ochiladi.,present_simple,easy
Fish swim in the river.,Рыбы плавают в реке.,Baliqlar daryoda suzadi.,present_simple,easy
People walk in the street.,Люди ходят по улице.,Odamlar ko'chada yuradi.,present_simple,easy
I brush my teeth twice a day.,Я чищу зубы два раза в день.,Men tishlarimni kuniga ikki marta yuvaman.,present_simple,easy
She sings songs beautifully.,Она поет песни красиво.,U qo'shiqlarni chiroyli kuylaydi.,present_simple,easy
He rides a bike to school.,Он ездит на велосипеде в школу.,U maktabga velosipedda boradi.,present_simple,easy
We eat dinner at 7 PM.,Мы ужинаем в 7 вечера.,Biz soat 7 da kechki ovqat qilamiz.,present_simple,easy
They study English at home.,Они изучают английский дома.,Ular uyda ingliz tilini o'rganadi.,present_simple,easy
The baby cries when hungry.,Ребенок плачет, когда голоден.,Chaqa och qolganda yig'laydi.,present_simple,easy
You listen to music every morning.,Ты слушаешь музыку каждое утро.,Sen har ertalab musiqa tinglaysan.,present_simple,easy
Rain falls in autumn.,Дождь идет осенью.,Yomg'ir kuzda yog'adi.,present_simple,easy
Cars drive on the road.,Машины ездят по дороге.,Mashinalar yo'lda ketadi.,present_simple,easy
Students write notes in class.,Ученики пишут заметки на уроке.,O'quvchilar darsda yozuvlar yozadi.,present_simple,easy
I drink tea with milk.,Я пью чай с молоком.,Men sutli choy ichaman.,present_simple,easy
She draws pictures for fun.,Она рисует картинки для развлечения.,U quvnoq rasm chizadi.,present_simple,easy
He helps his mother at home.,Он помогает маме дома.,U uyda onasiga yordam beradi.,present_simple,easy
We laugh at funny jokes.,Мы смеемся над смешными шутками.,Biz kulgili hazillarga kulamiz.,present_simple,easy
They climb mountains in summer.,Они поднимаются на горы летом.,Ular yozda tog'larga chiqadi.,present_simple,easy
The clock ticks all night.,Часы тикают всю ночь.,Soatlar tun bo'yi taqillaydi.,present_simple,easy
You open the door quietly.,Ты открываешь дверь тихо.,Sen eshikni jim ochasan.,present_simple,easy
Stars shine at night.,Звезды светят ночью.,Yulduzlar tunda porlaydi.,present_simple,easy
Bees make honey in hives.,Пчелы делают мед в ульях.,Asalar uyada asal yasaydi.,present_simple,easy
Teachers teach lessons daily.,Учителя проводят уроки ежедневно.,O'qituvchilar har kuni dars o'tkazadi.,present_simple,easy
I wear glasses for reading.,Я ношу очки для чтения.,Men o'qish uchun ko'zoynak taqaman.,present_simple,easy
She waters flowers every day.,Она поливает цветы каждый день.,U har kuni gullarni sug'oradi.,present_simple,easy
He throws the ball far.,Он бросает мяч далеко.,U to'pni uzoqqa otadi.,present_simple,easy
We share toys with friends.,Мы делимся игрушками с друзьями.,Biz do'stlarimiz bilan o'yinchoqlar bo'lishamiz.,present_simple,easy
They build sandcastles on the beach.,Они строят замки из песка на пляже.,Ular plyajda qum qal'a quradi.,present_simple,easy
The wind blows leaves in fall.,Ветер дует листья осенью.,Shamol kuzda barglarni esadi.,present_simple,easy
You close the window at night.,Ты закрываешь окно ночью.,Sen tunda derazani yopsan.,present_simple,easy
Trees grow tall in forests.,Деревья растут высокими в лесах.,Daraxtlar o'rmonlarda baland o'sadi.,present_simple,easy
Ants carry food to nests.,Муравьи несут еду в гнезда.,Chumolilar oziq-ovqatni uyalarga olib boradi.,present_simple,easy
Babies sleep in cribs.,Младенцы спят в кроватках.,Chaqa beshikda uxlaydi.,present_simple,easy
I count stars on clear nights.,Я считаю звезды в ясные ночи.,Men tiniq tunlarda yulduzlarni sanab o'taman.,present_simple,easy
She picks apples from trees.,Она собирает яблоки с деревьев.,U daraxtdan olma teradi.,present_simple,easy
He kicks the football hard.,Он сильно бьет по футболу.,U futbol to'pini qattiq tepadi.,present_simple,easy
We paint pictures in art class.,Мы рисуем картинки на уроке искусства.,Biz san'at darsida rasm chizamiz.,present_simple,easy
They hug their pets warmly.,Они обнимают своих питомцев тепло.,Ular uy hayvonlarini iliq quchoqlaydi.,present_simple,easy
The river flows to the sea.,Река течет к морю.,Daryo dengizga oqadi.,present_simple,easy
You feed the birds seeds.,Ты кормишь птиц семенами.,Sen qushlarni urug' bilan boqasan.,present_simple,easy
Clouds move across the sky.,Облака двигаются по небу.,Bulutlar osmon bo'ylab harakatlanadi.,present_simple,easy
Snakes crawl on the ground.,Змеи ползают по земле.,Ilonlar yerda sudraladi.,present_simple,easy
I plant flowers in the garden.,Я сажаю цветы в саду.,Men bog'da gullar ekaman.,present_simple,easy
She jumps rope for exercise.,Она прыгает через скакалку для упражнений.,U sakrash uchun arqon sakraydi.,present_simple,easy
He fixes his bicycle quickly.,Он быстро чинит свой велосипед.,U velosipedini tez tuzatadi.,present_simple,easy
We collect stamps as a hobby.,Мы собираем марки как хобби.,Biz hobbi sifatida markalarni yig'amiz.,present_simple,easy
They whisper secrets to each other.,Они шепчут секреты друг другу.,Ular bir-biriga sirlar pichirlaydi.,present_simple,easy
The moon glows in the dark.,Луна светит в темноте.,Oy qorong'ilikda porlaydi.,present_simple,easy
You pack your bag for school.,Ты пакуешь свою сумку для школы.,Sen maktab uchun sumkangni yig'asan.,present_simple,easy
Frogs jump into ponds.,Лягушки прыгают в пруды.,Qurbaqalar hovuzlarga sakraydi.,present_simple,easy
Elephants trumpet loudly.,Слоны трубят громко.,Filalar baland ovozda karlaydi.,present_simple,easy
I fold my clothes neatly.,Я аккуратно складываю свою одежду.,Men kiyimlarimni tartibli bukiraman.,present_simple,easy
She waves goodbye to friends.,Она машет рукой на прощание друзьям.,U do'stlariga xayr deyib qo'l silkitadi.,present_simple,easy
He scores goals in soccer.,Он забивает голы в футбол.,U futbol o'yinida gol uradi.,present_simple,easy
We bake cookies on holidays.,Мы печем печенье на праздники.,Biz bayramlarda pechen'ye pishiramiz.,present_simple,easy
They chase butterflies in fields.,Они гоняются за бабочками в полях.,Ular dalalarda kapalaklar ortidan quvadi.,present_simple,easy
The fire burns wood brightly.,Огонь ярко сжигает дерево.,Olov yog'ochni yorqin yonadi.,present_simple,easy
You tie your shoes tightly.,Ты крепко завязываешь свои шнурки.,Sen oyoq kiyimingni qattiq bog'laysan.,present_simple,easy
Wolves howl at the full moon.,Волки воют на полную луну.,Bozlar to'lin oyga uvillaydi.,present_simple,easy
Ducks quack in the lake.,Утки крякают в озере.,O'rdaklar ko'lda karraydi.,present_simple,easy
I dream about adventures nightly.,Я мечтаю о приключениях каждую ночь.,Men har kecha sarguzashtlar haqida tush ko'raman.,present_simple,easy
She knits scarves for winter.,Она вяжет шарфы на зиму.,U qish uchun sharf to'qiyadi.,present_simple,easy
He swims laps in the pool.,Он плавает круги в бассейне.,U hovuzda aylanma suzadi.,present_simple,easy
We harvest fruits in fall.,Мы собираем фрукты осенью.,Biz kuzda mevalarni yig'amiz.,present_simple,easy
They paint the fence white.,Они красят забор белым.,Ular devor panjarasini oq ranglaydi.,present_simple,easy
The bell rings for class.,Колокол звонит на урок.,Qo'ng'iroq dars uchun yangraydi.,present_simple,easy
You dust the shelves weekly.,Ты протираешь полки еженедельно.,Sen javonlarni haftada bir marta changlatasan.,present_simple,easy
Horses gallop in meadows.,Лошади скачут по лугам.,Otlar o'tloqlarda yuguradi.,present_simple,easy
Lions roar in the jungle.,Львы рычат в джунглях.,Sherlar o'rmonda g'azablanadi.,present_simple,easy

She usually arrives at the office before nine o'clock.,Она обычно приходит в офис до девяти часов.,U odatda ofisga soat to'qqizdan oldin keladi.,present_simple,medium
My brother enjoys solving complex math problems in his free time.,Мой брат любит решать сложные математические задачи в свободное время.,Akam bo'sh vaqtida murakkab matematika masalalarini yechishni yaxshi ko'radi.,present_simple,medium
The museum exhibits rare artifacts from ancient civilizations every month.,Музей выставляет редкие артефакты из древних цивилизаций каждый месяц.,Muzey har oy qadimiy tsivilizatsiyalardan noyob artefaktlarni namoyish etadi.,present_simple,medium
Workers install new software updates on all computers during the night shift.,Работники устанавливают обновления нового ПО на все компьютеры во время ночной смены.,Ishchilar tungi smenada barcha kompyuterlarga yangi dasturiy ta'minot yangilanishlarini o'rnatadi.,present_simple,medium
Tourists discover hidden gems in the old town while exploring narrow streets.,Туристы открывают скрытые жемчужины в старом городе, исследуя узкие улочки.,Sayyohlar tor ko'chalarni o'rganayotganda eski shahardagi yashirin durdonalarini kashf etadi.,present_simple,medium
The chef prepares exotic dishes using fresh ingredients from local markets.,Шеф-повар готовит экзотические блюда, используя свежие ингредиенты с местных рынков.,Oshpaz mahalliy bozorlardan yangi ingredientlardan foydalanib ekzotik taomlarni tayyorlaydi.,present_simple,medium
Engineers design innovative bridges that withstand strong earthquakes in seismic areas.,Инженеры проектируют инновационные мосты, которые выдерживают сильные землетрясения в сейсмических зонах.,Muhandislar seysmik hududlarda kuchli zilzilalarga bardosh beradigan innovatsion ko'priklarni loyihalashtiradi.,present_simple,medium
Volunteers organize community events to promote environmental awareness annually.,Волонтёры организуют общественные мероприятия для продвижения экологической осведомлённости ежегодно.,Ko'ngillilar har yili ekologik xabardorlikni targ'ib qilish uchun jamoat tadbirlarini tashkil etadi.,present_simple,medium
The library lends digital books to members who prefer reading on tablets.,Библиотека выдаёт цифровые книги членам, которые предпочитают чтение на планшетах.,Kutubxona planshetlarda o'qishni afzal ko'radigan a'zolarga raqamli kitoblarni beradi.,present_simple,medium
Farmers harvest organic vegetables early in the morning to ensure freshness.,Фермеры собирают органические овощи рано утром, чтобы обеспечить свежесть.,Dehqonlar yangilikni ta'minlash uchun ertalab organik sabzavotlarni hosil qiladi.,present_simple,medium
Scientists conduct experiments in the laboratory to test new hypotheses regularly.,Учёные проводят эксперименты в лаборатории, чтобы регулярно тестировать новые гипотезы.,Olmlar yangi gipotezalarni muntazam sinash uchun laboratoriyada tajribalar o'tkazadi.,present_simple,medium
The orchestra performs classical symphonies under the conductor's precise guidance.,Оркестр исполняет классические симфонии под точным руководством дирижёра.,Orkestr dirijyorning aniq rahbarligi ostida klassik simfoniyalarni ijro etadi.,present_simple,medium
Journalists investigate corruption scandals that affect public officials deeply.,Журналисты расследуют коррупционные скандалы, которые глубоко затрагивают общественных чиновников.,Jurnalistlar jamoat amaldorlariga chuqur ta'sir qiladigan korruptsiya janjallarini tergov qiladi.,present_simple,medium
Architects sketch detailed blueprints before constructing modern skyscrapers.,Архитекторы набрасывают детальные чертежи перед строительством современных небоскрёбов.,Arxitektorlar zamonaviy osmono'par binolarni qurishdan oldin batafsil chizmalarni chizadi.,present_simple,medium
The bakery sells freshly baked pastries that attract customers from neighboring towns.,Пекарня продаёт свежие выпеченные пирожные, которые привлекают клиентов из соседних городов.,Nonvoyxona qo'shni shaharlardan mijozlarni jalb qiladigan yangi pishirilgan shirinliklarni sotadi.,present_simple,medium
Pilots navigate through turbulent skies during stormy weather conditions.,Пилоты маневрируют через турбулентные небеса во время штормовой погоды.,Pilotlar bo'ronli ob-havoda g'alati osmonlar orqali yo'nalishni belgilaydi.,present_simple,medium
The gallery displays contemporary art pieces created by emerging artists worldwide.,Галерея выставляет современные произведения искусства, созданные восходящими художниками со всего мира.,Galereya butun dunyodagi yangi paydo bo'lgan rassomlar tomonidan yaratilgan zamonaviy san'at asarlarini namoyish etadi.,present_simple,medium
Mechanics repair vintage cars using specialized tools in their workshop.,Механики ремонтируют винтажные автомобили, используя специализированные инструменты в своей мастерской.,Mexaniklar ustaxonalarida maxsus asbob-uskunalardan foydalanib vintage mashinalarni ta'mirlaydi.,present_simple,medium
The theater stages dramatic plays that explore themes of love and betrayal.,Театр ставит драматические пьесы, которые исследуют темы любви и предательства.,Teatr sevgi va xiyonat mavzularini o'rganadigan dramatik pyesalarni sahnalashtiradi.,present_simple,medium
Economists analyze market trends to predict future economic fluctuations accurately.,Экономисты анализируют рыночные тенденции, чтобы точно предсказывать будущие экономические колебания.,Iqtisodchilar bozor tendentsiyalarini tahlil qilib kelajakdagi iqtisodiy o'zgarishlarni aniq bashorat qiladi.,present_simple,medium
The clinic provides specialized treatments for patients suffering from chronic illnesses.,Клиника предлагает специализированные лечения для пациентов, страдающих от хронических заболеваний.,Klinika surunkali kasalliklardan azob chekadigan bemorlar uchun maxsus davolanishlarni taqdim etadi.,present_simple,medium
Photographers capture breathtaking sunsets over the ocean horizon daily.,Фотографы запечатлевают захватывающие закаты над океанским горизонтом ежедневно.,Fotograflar har kuni okean ufqi ustidagi ajoyib quyosh botishlarini suratga oladi.,present_simple,medium
The university offers online courses in advanced programming languages to students.,Университет предлагает онлайн-курсы по продвинутым языкам программирования студентам.,Universitet talabalarga ilg'or dasturlash tillari bo'yicha onlayn kurslarni taklif etadi.,present_simple,medium
Rescuers search for missing hikers in dense forests using GPS technology.,Спасатели ищут пропавших туристов в густых лесах, используя GPS-технологии.,Qidiruvchilar GPS texnologiyalaridan foydalanib zich o'rmonlarda yo'qolgan sayyohlarni qidiradi.,present_simple,medium
The bookstore recommends mystery novels to readers who enjoy suspenseful plots.,Книжный магазин рекомендует детективные романы читателям, которые наслаждаются напряжёнными сюжетами.,Kitob do'koni intrigali syujetlarni yaxshi ko'radigan o'quvchilarga sirli romanlarni tavsiya etadi.,present_simple,medium
Dancers rehearse intricate routines for the upcoming international festival.,Танцоры репетируют сложные рутины для предстоящего международного фестиваля.,Raqqoslar kelgusi xalqaro festival uchun murakkab mashqlarni mashq qiladi.,present_simple,medium
The factory produces eco-friendly packaging materials from recycled plastics.,Завод производит экологически чистые упаковочные материалы из переработанного пластика.,Zavod qayta ishlatilgan plastmassadan ekologik toza qadoqlash materiallarini ishlab chiqaradi.,present_simple,medium
Historians document significant events from the Renaissance era meticulously.,Историки тщательно документируют значимые события эпохи Возрождения.,Tarixchilar Uyg'onish davri muhim voqealarini sinchkovlik bilan hujjatlashtiradi.,present_simple,medium
The spa offers relaxing massages with essential oils to reduce stress levels.,Спа предлагает расслабляющие массажи с эфирными маслами для снижения уровня стресса.,Spa stress darajasini pasaytirish uchun efir moylari bilan dam olish massajlarini taklif etadi.,present_simple,medium
Astronomers observe distant galaxies through powerful telescopes at night.,Астрономы наблюдают за далёкими галактиками через мощные телескопы ночью.,Astronomlar tunda kuchli teleskoplar orqali uzoq galaktikalarni kuzatadi.,present_simple,medium
The cafe serves gourmet coffees blended with rare beans from exotic regions.,Кафе подаёт гурманские кофе, смешанные с редкими зёрнами из экзотических регионов.,Kafe ekzotik hududlardan noyob donalar bilan aralashtirilgan gurme qahvalarni xizmat qiladi.,present_simple,medium
Linguists study endangered languages to preserve cultural heritage effectively.,Лингвисты изучают исчезающие языки, чтобы эффективно сохранять культурное наследие.,Tilshunoslar madaniy merosni samarali saqlash uchun yo'qolib ketayotgan tillarni o'rganadi.,present_simple,medium
The park hosts outdoor concerts featuring jazz musicians on summer evenings.,Парк проводит уличные концерты с джазовыми музыкантами летними вечерами.,Park yozgi kechalarda jazz musiqachilari ishtirokidagi ochiq konsertlarni o'tkazadi.,present_simple,medium
Veterinarians treat exotic pets like parrots with specialized veterinary care.,Ветеринары лечат экзотических питомцев, таких как попугаи, с помощью специализированного ветеринарного ухода.,Veterinarlar maxsus veterinariya yordami bilan to'tiqushlar kabi ekzotik uy hayvonlarini davolaydi.,present_simple,medium
The institute researches renewable energy sources to combat climate change.,Институт изучает возобновляемые источники энергии для борьбы с изменением климата.,Institut iqlim o'zgarishiga qarshi kurash uchun qayta tiklanadigan energiya manbalarini tadqiq etadi.,present_simple,medium
Painters create vibrant murals on urban walls to inspire community creativity.,Художники создают яркие муралы на городских стенах, чтобы вдохновлять творчество сообщества.,Rassomlar jamoa ijodkorligini ilhomlantirish uchun shahar devorlarida yorqin devor rasmlarini yaratadi.,present_simple,medium
The airline operates direct flights to major European capitals seasonally.,Авиакомпания выполняет прямые рейсы в крупные европейские столицы сезонно.,Aviakompaniya mavsumiy ravishda Yevropa poytaxtlariga to'g'ridan-to'g'ri reyslarni amalga oshiradi.,present_simple,medium
Therapists guide clients through mindfulness exercises to manage anxiety.,Терапевты направляют клиентов через упражнения осознанности для управления тревогой.,Terapevtlar tashvishlarni boshqarish uchun mijozlarni ongni to'liq sezish mashqlaridan o'tkazadi.,present_simple,medium
The observatory tracks meteor showers visible from the southern hemisphere.,Обсерватория отслеживает метеорные потоки, видимые из южного полушария.,Observatoriya janubiy yarim sharda ko'rinadigan meteor oqimlarini kuzatadi.,present_simple,medium
Cooks experiment with fusion cuisines combining Asian and Mediterranean flavors.,Повара экспериментируют с фьюжн-кухнями, сочетающими азиатские и средиземноморские вкусы.,Oshpazlar Osiyo va O'rta er dengizi ta'mlarini birlashtirgan fyuzyon oshxonalari bilan tajriba o'tkazadi.,present_simple,medium
The foundation funds scholarships for underprivileged students pursuing STEM fields.,Фонд финансирует стипендии для студентов из малообеспеченных семей, изучающих STEM-дисциплины.,Jamg'arma kam ta'minlangan talabalar uchun STEM sohalarni o'rganishga stipendiyalarni moliyalashtiradi.,present_simple,medium
Sailors navigate treacherous waters around coral reefs during expeditions.,Моряки маневрируют по опасным водам вокруг коралловых рифов во время экспедиций.,Dengizchilar ekspeditsiyalar paytida marjon riflari atrofidagi xavfli suvlarda yo'nalishni belgilaydi.,present_simple,medium
The publisher prints limited editions of illustrated children's books annually.,Издатель печатает ограниченные тиражи иллюстрированных детских книг ежегодно.,Nashriyot har yili cheklangan nashrlarda bolalar uchun rasmlar bilan bezatilgan kitoblarni chop etadi.,present_simple,medium
Botanists cultivate rare orchids in controlled greenhouses for conservation.,Ботаники выращивают редкие орхидеи в контролируемых теплицах для сохранения.,Botaniklar saqlash uchun boshqariladigan issiqxonalarda noyob orkidealarini yetishtiradi.,present_simple,medium
The symphony hall echoes with applause after each masterful performance.,Концертный зал наполняется аплодисментами после каждого мастерского исполнения.,Simfoniya zali har bir usta ijrodan keyin olqishlar bilan aks-sado beradi.,present_simple,medium
Investigators uncover hidden networks involved in international smuggling rings.,Расследователи раскрывают скрытые сети, вовлечённые в международные контрабандные кольца.,Tergovchilar xalqaro kontrabanda halqalariga aralashgan yashirin tarmoqlarni ochib beradi.,present_simple,medium
The vineyard produces award-winning wines from grapes grown on steep hillsides.,Винодельня производит премиальные вина из винограда, выращенного на крутых склонах.,Uzumzor tik tepaliklarda yetishtirilgan uzumdan mukofotli sharoblarni ishlab chiqaradi.,present_simple,medium
Counselors support grieving families through group therapy sessions weekly.,Консультанты поддерживают скорбящие семьи через еженедельные групповые терапии.,Maslahatchilar haftalik guruh terapiya seanslari orqali qayg'uli oilalarni qo'llab-quvvatlaydi.,present_simple,medium
The aquarium maintains delicate ecosystems for tropical fish species carefully.,Аквариум поддерживает деликатные экосистемы для тропических видов рыб тщательно.,Akvarium tropik baliq turlarining nozik ekotizimlarini ehtiyotkorlik bilan saqlaydi.,present_simple,medium
Writers craft intricate narratives that weave historical facts with fiction.,Писатели создают сложные нарративы, которые переплетают исторические факты с вымыслом.,Yozuvchilar tarixiy faktlarni uydirma bilan to'qib chiqaradigan murakkab hikoyalarni yaratadi.,present_simple,medium
The marathon runners train rigorously on hilly terrains to build endurance.,Марафонцы тренируются интенсивно на холмистых местностях, чтобы развивать выносливость.,Marafon yugurchilari chidamlilikni oshirish uchun tepalik yerlarda qattiq mashq qiladi.,present_simple,medium
Curators select artifacts for exhibitions that highlight indigenous cultures.,Кураторы выбирают артефакты для выставок, которые подчёркивают коренные культуры.,Kuratorlar mahalliy madaniyatlarni ta'kidlaydigan ko'rgazmalar uchun artefaktlarni tanlaydi.,present_simple,medium
The software company develops user-friendly apps for mobile devices globally.,Компания по разработке ПО создаёт удобные приложения для мобильных устройств по всему миру.,Dasturiy ta'minot kompaniyasi butun dunyo bo'ylab mobil qurilmalar uchun qulay ilovalarni ishlab chiqadi.,present_simple,medium
Therapists employ cognitive techniques to help clients overcome phobias.,Терапевты применяют когнитивные техники, чтобы помочь клиентам преодолеть фобии.,Terapevtlar mijozlarga fobiyalarni yengishga yordam berish uchun kognitiv texnikalardan foydalanadi.,present_simple,medium
The botanical garden nurtures endangered plants from various continents.,Ботанический сад выращивает endangered растения с различных континентов.,Botanik bog' turli qit'alardan yo'qolib ketayotgan o'simlarni parvarish qiladi.,present_simple,medium
Directors film epic scenes in remote locations to capture authentic atmospheres.,Режиссёры снимают эпические сцены в отдалённых местах, чтобы передать аутентичную атмосферу.,Rejissyorlar haqiqiy muhitni qamrab olish uchun uzoq joylarda epik sahnalarni suratga oladi.,present_simple,medium
The heritage site preserves ancient ruins that reveal insights into past societies.,Объект культурного наследия сохраняет древние руины, которые раскрывают insights в прошлые общества.,Meros obyekti o'tmish jamiyatlariga oid ma'lumotlar ochib beradigan qadimiy xarobalarni saqlaydi.,present_simple,medium
Chefs infuse dishes with aromatic spices sourced from distant spice routes.,Шефы приправляют блюда ароматными специями, полученными из далёких торговых путей специй.,Oshpazlar uzoq ziravor yo'llaridan olingan hidli ziravorlar bilan taomlarni boyitadi.,present_simple,medium
The research team publishes findings on quantum computing advancements quarterly.,Исследовательская команда публикует выводы о прогрессе в квантовых вычислениях ежеквартально.,Tadqiqot jamoasi kvant hisoblashdagi yutuqlar haqida choraklik ma'lumotlarni e'lon qiladi.,present_simple,medium
Hikers traverse rugged trails that offer panoramic views of mountain ranges.,Путешественники проходят по неровным тропам, которые предлагают панорамные виды горных хребтов.,Sayohatchilar tog' tizmalarining panoramik ko'rinishlarini taklif qiladigan qo'pol yo'llardan o'tadi.,present_simple,medium
The conservatory trains young musicians in classical compositions meticulously.,Консерватория обучает молодых музыкантов классическим композициям тщательно.,Konservatoriya yosh musiqachilarni klassik kompozitsiyalarda sinchkovlik bilan o'qitadi.,present_simple,medium
Economists forecast inflation rates based on global trade dynamics carefully.,Экономисты прогнозируют ставки инфляции на основе глобальной динамики торговли тщательно.,Iqtisodchilar global savdo dinamikasi asosida inflyatsiya stavkalarini ehtiyotkorlik bilan bashorat qiladi.,present_simple,medium
The wildlife sanctuary protects migratory birds during their seasonal journeys.,Природный заповедник защищает перелётных птиц во время их сезонных путешествий.,Yovvoyi tabiat qo'riqxonasi migratsion qushlarni mavsumiy sayohatlarida himoya qiladi.,present_simple,medium
Authors dedicate novels to exploring human emotions in intricate psychological depths.,Авторы посвящают романы исследованию человеческих эмоций в сложных психологических глубинах.,Mualliflar murakkab psixologik chuqurliklarda inson his-tuyg'ularini o'rganishga romanlarni bag'ishlaydi.,present_simple,medium
The engineering firm constructs sustainable buildings using green materials.,Инженерная фирма строит устойчивые здания, используя зелёные материалы.,Muhandislik firmasi yashil materiallardan foydalanib barqaror binolarni quradi.,present_simple,medium
Therapists facilitate dialogue in couples counseling to resolve conflicts.,Терапевты облегчают диалог в консультациях для пар, чтобы разрешать конфликты.,Terapevtlar juftliklar maslahatida ziddiyatlarni hal qilish uchun suhbatni osonlashtiradi.,present_simple,medium
The planetarium simulates cosmic events for educational astronomy sessions.,Планетарий симулирует космические события для образовательных астрономических сессий.,Planetariy ta'limiy astronomiya seanslari uchun kosmik voqealarni simulyatsiya qiladi.,present_simple,medium
Bakers knead dough with precision to achieve perfect textures in loaves.,Пекари замешивают тесто с точностью, чтобы добиться идеальных текстур в буханках.,Nonvoylar xamirni aniqlik bilan yo'g'radi, bo'laklarda mukammal teksturalarga erishish uchun.,present_simple,medium
The archaeological dig unearths pottery shards from prehistoric settlements.,Археологическая раскопка извлекает черепки керамики из доисторических поселений.,Arxeologik qazishmalar tarixgacha aholi punktlaridan sopol parchalarini topadi.,present_simple,medium
Musicians improvise jazz solos that captivate audiences with spontaneous melodies.,Музыканты импровизируют джазовые соло, которые завораживают аудиторию спонтанными мелодиями.,Musiqachilar spontan ohanglar bilan tomoshabinlarni jalb qiladigan jazz sololarini improvizatsiya qiladi.,present_simple,medium
The logistics company optimizes delivery routes using advanced algorithms.,Логистическая компания оптимизирует маршруты доставки с помощью продвинутых алгоритмов.,Logistika kompaniyasi ilg'or algoritmlardan foydalanib yetkazib berish yo'llarini optimallashtiradi.,present_simple,medium
Counselors empower individuals through motivational workshops on personal growth.,Консультанты вдохновляют индивидов через мотивационные воркшопы по личностному росту.,Maslahatchilar shaxsiy o'sish bo'yicha motivatsion seminarlar orqali shaxslarni quvvatlaydi.,present_simple,medium
The marine biology lab studies coral bleaching caused by rising ocean temperatures.,Лаборатория морской биологии изучает отбеливание кораллов, вызванное повышением температуры океана.,Dengiz biologiyasi laboratoriyasi okean harorati ko'tarilishi sababli marjon oqarishi o'rganadi.,present_simple,medium
Poets compose verses that evoke profound reflections on life's fleeting moments.,Поэты сочиняют стихи, которые вызывают глубокие размышления о мимолётных моментах жизни.,Shoirlar hayotning o'tkinchi lahzalariga chuqur mulohazalar uyg'otadigan she'rlarni yozadi.,present_simple,medium
The construction crew assembles prefabricated modules for rapid urban development.,Бригада строителей собирает prefabricated модули для быстрого городского развития.,Qurilish brigadasi tez shahar rivojlanishi uchun oldindan tayyorlangan modullarni yig'adi.,present_simple,medium
Psychologists assess cognitive functions in elderly patients to detect early dementia.,Психологи оценивают когнитивные функции у пожилых пациентов для выявления ранней деменции.,Psixologlar keksa bemorlarda erta demensiyani aniqlash uchun kognitiv funksiyalarni baholaydi.,present_simple,medium
The vineyard workers prune vines meticulously to enhance grape quality.,Работники виноградника обрезают лозы тщательно, чтобы улучшить качество винограда.,Uzumzor ishchilari uzum sifatini oshirish uchun uzumlarni sinchkovlik bilan kesadi.,present_simple,medium
Filmmakers edit raw footage into compelling narratives that resonate emotionally.,Киносоздатели монтируют сырой материал в убедительные нарративы, которые эмоционально резонируют.,Kinoshtat xom materialni hissiy jihatdan ta'sir qiladigan jozibali hikoyalarga montaj qiladi.,present_simple,medium
The heritage foundation restores faded frescoes in historic cathedrals.,Фонд наследия восстанавливает выцветшие фрески в исторических соборах.,Meros fondi tarixiy soborlardagi xira freskalarni tiklaydi.,present_simple,medium
Spice traders import rare saffron threads from remote Himalayan valleys.,Торговцы специями импортируют редкие нити шафрана из отдалённых долин Гималаев.,Ziravor savdogarlari Olmos tog'lari uzoq vodiylaridan noyob safran ipaklarini import qiladi.,present_simple,medium
The quantum physics team simulates particle interactions in virtual environments.,Команда квантовой физики симулирует взаимодействия частиц в виртуальных средах.,Kvant fizikasi jamoasi virtual muhitlarda zarrachalar o'zaro ta'sirini simulyatsiya qiladi.,present_simple,medium
Adventurers summit challenging peaks that demand technical climbing skills.,Авантюristы покоряют сложные вершины, требующие технических навыков альпинизма.,Sarguzashtchilar texnik toqish ko'nikmalarini talab qiladigan qiyin cho'qqilarga chiqadi.,present_simple,medium
The opera house presents grand productions with elaborate sets and costumes.,Оперный театр представляет грандиозные постановки с изысканными декорациями и костюмами.,Opera uyi murakkab dekor va kiyimlar bilan ulkan spektakllarni taqdim etadi.,present_simple,medium
Financial analysts evaluate investment portfolios to maximize returns strategically.,Финансовые аналитики оценивают инвестиционные портфели, чтобы стратегически максимизировать доходы.,Moliyaviy tahlilchilar strategik ravishda daromadni maksimallashtirish uchun investitsiya portfellarni baholaydi.,present_simple,medium
The avian research center bands birds to monitor migration patterns annually.,Центр исследований птиц маркирует птиц, чтобы ежегодно мониторить миграционные паттерны.,Qushlar tadqiqot markazi migratsiya naqshlarini yillik monitoring qilish uchun qushlarni belgilaydi.,present_simple,medium
Novelists delve into alternate histories where pivotal events unfold differently.,Новеллисты погружаются в альтернативные истории, где ключевые события развиваются иначе.,Roman yozuvchilari muhim voqealar boshqacha kechadigan alternativ tarixlarga kiradi.,present_simple,medium
The infrastructure project integrates smart sensors for efficient traffic management.,Проект инфраструктуры интегрирует умные датчики для эффективного управления трафиком.,Infrastruktura loyihasi transportni samarali boshqarish uchun aqlli sensorlarni integratsiya qiladi.,present_simple,medium
Speech therapists teach articulation exercises to children with speech delays.,Логопеды обучают артикуляционным упражнениям детей с задержками речи.,Nutq terapevtlari nutq kechikishi bo'lgan bolalarga artikulyatsiya mashqlarini o'rgatadi.,present_simple,medium
The alpine ski resort grooms slopes for optimal snow conditions daily.,Горнолыжный курорт ухаживает за склонами для оптимальных снежных условий ежедневно.,Alp maktab maskani qor sharoitlarini optimal qilish uchun har kuni yonbag'irlarni tayyorlaydi.,present_simple,medium
Documentarians interview survivors to chronicle untold stories from war zones.,Документалисты интервьюируют выживших, чтобы хроникировать нерассказанные истории из зон войны.,Dokumentalistlar urush zonalaridagi aytib bo'lmagan hikoyalarni yozib olish uchun omon qolganlarni intervyu qiladi.,present_simple,medium
The cultural exchange program connects artists from diverse backgrounds collaboratively.,Программа культурного обмена соединяет художников из разных backgrounds collaboratively.,Madaniy almashinuv dasturi turli fonli rassomlarni hamkorlikda bog'laydi.,present_simple,medium
Herbalists blend potent teas from wild herbs gathered in pristine forests.,Травники смешивают мощные чаи из диких трав, собранных в нетронутых лесах.,O'simlikshunoslar toza o'rmonlarda yig'ilgan yovvoyi o'tlardan kuchli choylarni aralashtiradi.,present_simple,medium
The neuroscience lab maps brain activity during complex decision-making processes.,Лаборатория нейронауки картирует активность мозга во время сложных процессов принятия решений.,Neyrofanlar laboratoriyasi murakkab qaror qabul qilish jarayonlarida miya faolligini xaritalaydi.,present_simple,medium
Explorers chart uncharted territories in the Amazon basin methodically.,Исследователи методично наносят на карту неизведанные территории в бассейне Амазонки.,Kashfiyotchilar Amazon havzasi notanish hududlarini uslubiy ravishda xaritalaydi.,present_simple,medium
The philharmonic orchestra rehearses baroque pieces with period instruments.,Филармонический оркестр репетирует барочные произведения с инструментами той эпохи.,Filarmoniya orkestri davr asboblari bilan barok asarlarni mashq qiladi.,present_simple,medium
Market researchers survey consumer preferences to inform product development strategies.,Исследователи рынка опрашивают предпочтения потребителей, чтобы информировать стратегии разработки продуктов.,Bozor tadqiqotchilari mahsulot ishlab chiqish strategiyalarini ma'lumot berish uchun iste'molchi afzalliklarini so'raydi.,present_simple,medium
The raptor rehabilitation center releases healed eagles back into wild habitats.,Центр реабилитации хищных птиц выпускает вылеченных орлов обратно в дикую природу.,Yirtqich qushlar reabilitatsiya markazi tuzalgan burgutlarni yovvoyi muhitga qaytaradi.,present_simple,medium
Biographers compile letters and diaries to portray historical figures authentically.,Биографы собирают письма и дневники, чтобы аутентично изображать исторических фигур.,Biograflar tarixiy shaxslarni haqiqiy ko'rsatish uchun xatlar va kundaliklarni yig'adi.,present_simple,medium
The renewable energy firm installs solar panels on rooftops for urban sustainability.,Фирма возобновляемой энергии устанавливает солнечные панели на крышах для городской устойчивости.,Qayta tiklanadigan energiya firmasi shahar barqarorligi uchun tom ustiga quyosh panellarini o'rnatadi.,present_simple,medium
Dialect coaches refine accents for actors preparing international film roles.,Тренеры по диалектам уточняют акценты для актёров, готовящихся к международным ролям в кино.,Dialekt murabbiylari xalqaro kino rollariga tayyorgarlik ko'rayotgan aktyorlar uchun aksentlarni takomillashtiradi.,present_simple,medium
The glacial research expedition measures ice melt rates in polar regions.,Экспедиция по исследованию ледников измеряет скорости таяния льда в полярных регионах.,Muzlik tadqiqot ekspeditsiyasi qutb hududlarida muz erishi tezligini o'lchaydi.,present_simple,medium
Sculptors chisel marble blocks into lifelike statues depicting mythical heroes.,Скульпторы высекают мраморные блоки в реалистичные статуи, изображающие мифических героев.,Haykaltaroshlar afsonaviy qahramonlarni tasvirlovchi hayotiy haykallarga marmar bloklarni o'yib chiqaradi.,present_simple,medium

Philosophers contemplate the existential dilemmas that underpin human consciousness in their seminal treatises.,Философы размышляют над экзистенциальными дилеммами, лежащими в основе человеческого сознания, в своих фундаментальных трактатах.,Faylasuflar inson ongining asosida yotgan ekzistensial dilemmalarni o'z fundamental traktatlarida mulohaza qiladi.,present_simple,hard
Neuroscientists elucidate the intricate neural pathways that govern synaptic plasticity during cognitive enhancement therapies.,Нейробиологи объясняют сложные нейронные пути, которые управляют синаптической пластичностью во время терапий по улучшению когнитивных функций.,Neyrobiologlar kognitiv yaxshilash terapiyalarida sinaptik plastisiyani boshqaradigan murakkab neyron yo'llarini tushuntiradi.,present_simple,hard
Linguists deconstruct syntactic ambiguities inherent in polysemous lexemes across diachronic language evolutions.,Лингвисты разбирают синтаксические неоднозначности, присущие полисемичным лексемам в диахронических эволюциях языков.,Tilshunoslar tillarning diaxronik evolyutsiyasidagi polisimik leksemalarga xos sintaktik noaniqliklarni parchalab ko'radi.,present_simple,hard
Economists extrapolate macroeconomic trajectories predicated on fiscal austerity measures implemented amid geopolitical volatilities.,Экономисты экстраполируют макроэкономические траектории, основанные на мерах фискальной аскетичности, внедрённых посреди геополитических волатильностей.,Iqtisodchilar geosiyosiy o'zgaruvchanliklar orasida joriy etilgan fiskal qattiqqo'llik choralariga asoslangan makroiqtisodiy traektoriyalarni bashorat qiladi.,present_simple,hard
Anthropologists ethnographically delineate the ritualistic practices that perpetuate matrilineal kinship structures in indigenous matriarchies.,Антропологи этнографически описывают ритуалистические практики, которые поддерживают матрилинейные родственные структуры в индейских матриархатах.,Antropologlar mahalliy matriaxatlarda matriliney qarindoshlik tuzilmalarini saqlab qoladigan ritualistik amaliyotlarni etnografik ravishda tasvirlaydi.,present_simple,hard
Astrophysicists hypothesize the accretion disk dynamics that catalyze supermassive black hole formations in galactic nuclei.,Астрофизики предполагают динамику аккреционных дисков, которые катализируют формирование сверхмассивных чёрных дыр в галактических ядрах.,Astrophysiklar galaktika yadrolarida supermassiv qora tuynuklar shakllanishini kataliz qiladigan akkretsiya disk dinamikasini faraz qiladi.,present_simple,hard
Theorists in quantum field theory formalize the renormalization procedures essential for perturbative calculations in electroweak interactions.,Теоретики в квантовой теории поля формализуют процедуры ренормализации, необходимые для пертурбативных расчётов в электрослабых взаимодействиях.,Kvant maydon nazariyasi nazariotchilari elektroslab o'zaro ta'sirlarda perturbativ hisob-kitoblar uchun zaruriy renormallashtirish protseduralarini rasmiylashtiradi.,present_simple,hard
Bioethicists interrogate the moral quandaries engendered by CRISPR-Cas9 genome editing in heritable genetic disorders.,Биоэтики расследуют моральные дилеммы, порождённые редактированием генома CRISPR-Cas9 в наследственных генетических расстройствах.,Bioetiklar CRISPR-Cas9 genom tahririning irsiy genetik buzilishlarda keltirib chiqaradigan axloqiy dilemmalarni so'raydi.,present_simple,hard
Sociologists scrutinize the intersectional oppressions that exacerbate socioeconomic disparities within urban underclass communities.,Социологи тщательно изучают интерсекциональные угнетения, которые усугубляют социально-экономические диспаритеты в городских сообществах низшего класса.,Sotsiologlar shahar pastki sinf jamoalarida ijtimoiy-iqtisodiy nomutanosibliklarni kuchaytiradigan intersektsion zulmlarni sinchkovlik bilan o'rganadi.,present_simple,hard
Paleontologists reconstruct phylogenetic cladograms that illuminate evolutionary divergences among Devonian tetrapodomorphs.,Палеонтологи реконструируют филогенетические кладограммы, которые освещают эволюционные расхождения среди девонских тетраподоморфов.,Paleontologlar Devon tetrapodomorflari orasidagi evolyutsion farqlarni yorituvchi filogenetik kladogrammalarni qayta quradi.,present_simple,hard
Epistemologists delineate the justificatory frameworks that underpin reliabilist theories of epistemic warrant in fallible belief systems.,Эпистемологи описывают оправдательные рамки, которые лежат в основе теории надёжности эпистемического основания в ошибочных системах верований.,Epistemologlar xato e'tiqod tizimlarida epistemik kafolatning ishonchli nazariyasining asosida yotgan oqlovchi ramkalarni belgilaydi.,present_simple,hard
Climatologists model the feedback loops that amplify anthropogenic radiative forcings in polar amplification scenarios.,Климатологи моделируют петли обратной связи, которые усиливают антропогенные радиационные принуждения в сценариях полярной амплификации.,Iqlimshunoslar qutb amplifikatsiyasi ssenariylarida antropogen radiatsion majburiy kuchayishini kuchaytiradigan teskari aloqa halqalarini modellashtiradi.,present_simple,hard
Semioticians decode the polysemous signifiers embedded within postmodern metanarratives that subvert hegemonic discourses.,Семиотики декодируют полисемичные означающие, встроенные в постмодернистские метанарративы, которые подрывают гегемонические дискурсы.,Semiyotiklar gemonik diskurslarni buzuvchi postmodern metanarrativlar ichidagi polisimik belgilarni dekodlaydi.,present_simple,hard
Geopoliticians prognosticate the escalatory spirals precipitated by proxy conflicts in multipolar international orders.,Геополитики предсказывают эскалационные спирали, вызванные прокси-конфликтами в мультиполярных международных порядках.,Geosiyosatchilar ko'p qutbli xalqaro tartibdagi proksi mojarolar sababli kuchayish spiralini bashorat qiladi.,present_simple,hard
Immunologists delineate the antigenic drift mechanisms that evade humoral immunity in influenza virus variants.,Иммунологи описывают механизмы антигенного дрейфа, которые уклоняются от гуморального иммунитета в вариантах вируса гриппа.,Immunologlar gripp virusi variantlarida gumorol immunitetdan qochadigan antigen drift mexanizmlarini belgilaydi.,present_simple,hard
Deontologists advocate for categorical imperatives that transcend consequentialist utilitarianism in ethical decision paradigms.,Деонтологи отстаивают категорические императивы, которые превосходят консеквенциалистский утилитаризм в этических парадигмах принятия решений.,Deontologlar axloqiy qaror paradigmalarda oqibatga asoslangan utilitarizmni ustun qo'yadigan kategorik imperativlarni himoya qiladi.,present_simple,hard
Ontologists interrogate the modal logics that underpin possible worlds semantics in metaphysical contingency analyses.,Онтологи расследуют модальную логику, лежащую в основе семантики возможных миров в анализах метафизической контингентности.,Ontologlar metafizik kontingentsiya tahlillarida mumkin bo'lgan olamlar semantikasining asosida yotgan modal mantig'ni so'raydi.,present_simple,hard
Hydrologists quantify the recharge rates of karst aquifers influenced by anthropogenic land-use transformations.,Гидрологи количественно определяют скорости пополнения карстовых водоносных горизонтов, подверженных антропогенным трансформациям землепользования.,Gidrologlar antropogen yer foydalanish transformatsiyalari ta'siridagi karst suv o'tkazuvchi qatlamlarning to'ldirish tezligini miqdoriy baholaydi.,present_simple,hard
Phenomenologists bracket the noetic-noematic correlations that constitute intentionality in transcendental ego structures.,Феноменологи ставят в скобки ноэтическо-ноэматические корреляции, которые составляют интенциональность в структурах трансцендентального эго.,Fenomenologlar transsendental ego tuzilmalarida intellektual niyatni tashkil etuvchi noetik-noematik korrelyatsiyalarni qavs ichiga oladi.,present_simple,hard
Cognitivists operationalize the schema assimilation processes that facilitate conceptual schema evolution in Piagetian developmental stages.,Когнитивисты опериционализируют процессы ассимиляции схем, которые способствуют эволюции концептуальных схем на пиажежеских стадиях развития.,Kognitivistlar Piaget rivojlanish bosqichlarida kontseptual sxema evolyutsiyasini osonlashtiradigan sxema assimilyatsiya jarayonlarini operatsionalizatsiya qiladi.,present_simple,hard
Ecofeminists critique the patriarchal anthropocentrism that perpetuates ecological degradation through gendered environmental discourses.,Экофеминистки критикуют патриархальный антропоцентризм, который поддерживает экологическую деградацию через гендерные экологические дискурсы.,Ekofeministlar jinsiy ekologik diskurslar orqali ekologik degradatsiyani saqlab qoladigan patriarxal antropotsentrizmni tanqid qiladi.,present_simple,hard
Topologists classify the homotopy equivalence classes that characterize manifold embeddings in higher-dimensional Euclidean spaces.,Топологи классифицируют классы гомотопической эквивалентности, которые характеризуют вложения многообразий в евклидовы пространства более высокой размерности.,Topologlar yuqori o'lchovli evklid fazolaridagi manifold embeddinglarini xarakterlaydigan gomotopy ekvivalentlik sinflarini tasniflaydi.,present_simple,hard
Pragmatists espouse the instrumentalist epistemologies that validate beliefs through their practical verifiability in experiential contexts.,Прагматисты поддерживают инструменталистские эпистемологии, которые валидируют убеждения через их практическую верифицируемость в experiential контекстах.,Pragmatiklar tajribaviy kontekstlarda amaliy tasdiqlanadigan e'tiqodlarni haqiqiy qiladigan instrumentalist epistemologiyalarni himoya qiladi.,present_simple,hard
Glaciologists monitor the isostatic rebound dynamics consequent upon deglaciation in post-Last Glacial Maximum terrains.,Гляциологи мониторят динамику изостатического отскока, последующую за дегляциацией в террейнах после последнего максимума оледенения.,Glatsiologlar Oxirgi Muzlik Maksimumi keyingi terennarda deglatsiatsiya oqibatidagi izostatik qaytish dinamikasini kuzatadi.,present_simple,hard
Hermeneuticists interpret the hermeneutic circles that mediate textual understandings within Gadamerian fusion of horizons paradigms.,Герменевтики интерпретируют герменевтические круги, которые опосредуют понимание текстов в гадемеровских парадигмах слияния горизонтов.,Germeneytiklar Gadamer ufqlar birlashishi paradigmalarda matn tushunishini vositalashtiradigan germeneytik doiralarni talqin qiladi.,present_simple,hard
Kinesiologists biomechanically analyze the kinematic chains that optimize athletic performance in biomechanical modeling frameworks.,Кинезиологи биомеханически анализируют кинематические цепи, которые оптимизируют спортивные результаты в рамках биомеханического моделирования.,Kineziologlar biomekanik modellashtirish doiralarida sport natijalarini optimallashtiradigan kinematik zanjirlarni biomekanik tahlil qiladi.,present_simple,hard
Postcolonial theorists deconstruct the Eurocentric hegemonies that marginalize subaltern voices in neocolonial global orders.,Постколониальные теоретики деконструируют евроцентрические гегемонии, которые маргинализируют субальтерновые голосы в неоколониальных глобальных порядках.,Postkolonial nazariyotchilar neokolonial global tartibda subaltern ovozlarni chetga suradigan evrotsentrik gemoniyalarni dekonstruksiya qiladi.,present_simple,hard
Seismologists seismically delineate the fault rupture propagations that precipitate megathrust earthquakes in subduction zones.,Сейсмологи сейсмически описывают распространения разрывов разломов, которые вызывают мега-thrust землетрясения в зонах субдукции.,Seismologlar subduksiya zonalarida megathrust zilzilalarini keltirib chiqaradigan yoriq yorilish tarqalishini seysmik belgilaydi.,present_simple,hard
Axiologists axiomatize the value monisms that reconcile pluralistic ethical relativisms in normative ethical theories.,Аксиологи аксиоматизируют ценностные монизмы, которые примиряют плюралистические этические релятивизмы в нормативных этических теориях.,Aksiologlar normativ axloqiy nazariyalarda pluralistik axloqiy relativizmlarni yarashtiradigan qiymat monizmlarini aksiomalashtiradi.,present_simple,hard
Volcanologists volcanologically characterize the effusive eruption styles that dominate silicic caldera complexes.,Вулканологи вулканологически характеризуют эффузивные стили извержений, которые доминируют в силициевых кальдерных комплексах.,Vulkanologlar silitsiy kaldera komplekslarida ustunlik qiladigan efuziv portlash uslublarini vulkanologik xarakterlaydi.,present_simple,hard
Structuralists structurally unpack the binary oppositions that structure mythopoetic narratives in Levi-Straussian analyses.,Структурaлисты структурно разбирают бинарные оппозиции, которые структурируют мифопоэтические нарративы в леви-страуссовских анализах.,Strukturalistlar Levi-Strous tahlillarida mifopoetik narrativlarni tuzuvchi binar oppozitsiyalarni struktural parchalaydi.,present_simple,hard
Ornithologists ornithologically survey the migratory phenologies that synchronize avian breeding cycles with climatic optima.,Орнитологи орнитологически обследуют миграционные фенологии, которые синхронизируют циклы размножения птиц с климатическими оптимумами.,Ornitologlar qushlar ko'payish sikllarini iqlim optimalari bilan sinxronlashtiradigan migratsion fenologiyalarni ornitologik so'raydi.,present_simple,hard
Psycholinguists psycholinguistically probe the prosodic contours that facilitate pragmatic inferences in conversational implicatures.,Психолингвисты психолингвистически исследуют просодические контуры, которые способствуют прагматическим выводам в разговорных импликатурах.,Psixolingvistlar suhbat implicaturalarida pragmatik xulosalarni osonlashtiradigan prosodik konturlarni psixolingvistik o'rganadi.,present_simple,hard
Cosmologists cosmologically infer the inflationary paradigms that homogenize cosmic microwave background anisotropies.,Космологи космологически выводят инфляционные парадигмы, которые гомогенизируют анизотропии космического микроволнового фона.,Kosmologlar kosmik mikroto'lqin fon anisotropiyalarini gomogenizatsiya qiladigan inflyatsion paradigmalarni kosmologik chiqaradi.,present_simple,hard
Dramaturgists dramaturgically dissect the anagnorisis moments that catalyze peripeteia in Aristotelian tragic structures.,Драматурги драматургически разбирают моменты анагнорисиса, которые катализируют перипетию в аристотелевских трагических структурах.,Dramaturgistlar Aristotelik trajik tuzilmalarda peripetiyani kataliz qiladigan anagnorisis lahzalarini dramaturgik parchalaydi.,present_simple,hard
Phonologists phonologically formalize the allophonic distributions that condition phonemic neutralizations in assimilation rules.,Фонологи фонологически формализуют аллофонные распределения, которые обусловливают фонемные нейтрализации в правилах ассимиляции.,Fonologlar assimilyatsiya qoidalarida fonemik neytrallashuvlarni shartlaydigan alofon taqsimotlarini fonologik rasmiylashtiradi.,present_simple,hard
Ethnomusicologists ethnomusically transcribe the polyrhythmic ostinatos that underpin gamelan ensemble textures in Javanese court traditions.,Этномузыковеды этномузыкально транскрибируют полиритмические остинато, которые лежат в основе текстур ансамбля гамелан в яванских дворцовых традициях.,Etno-muzikshunoslar Yavonski saroy an'analarida gamelan ansambl teksturalarining asosida yotgan poliritmik ostinatolarni etno-muzik transkripsiya qiladi.,present_simple,hard
Graph theorists graph-theoretically enumerate the chromatic polynomials that quantify graph colorings in planar graph theorems.,Теоретики графов граф-теоретически перечисляют хроматические полиномы, которые количественно определяют раскраски графов в теоремах планарных графов.,Graf nazariyotchilari planarniy graf teoremalarida graf bo'yashlarini miqdoriy belgilaydigan xromatik polinomlarini graf-nazariy hisoblaydi.,present_simple,hard
Queer theorists queer-theoretically subvert the heteronormative binaries that constrain gender performativities in Butlerian frameworks.,Квир-теоретики квир-теоретически подрывают гетеронормативные бинарные оппозиции, которые ограничивают гендерные перформативности в буллерианских фреймворках.,Kvir nazariyotchilar Butler freymvorklarida jins performativliklarini cheklaydigan geteronormativ binarlarni kvir-nazariy buzadi.,present_simple,hard
Paleoclimatologists paleoclimatologically reconstruct the Milankovitch forcings that modulated glacial-interglacial transitions.,Палеоклиматологи палеоклиматологически реконструируют Миланковича forcings, которые модулировали переходы ледниково-межледниковые.,Paleoklimatologlar muzlik-arzhi muzlik o'tishlarini modulatsiya qiladigan Milankovich majburiy kuchlarini paleoklimatologik qayta quradi.,present_simple,hard
Narratologists narratologically analyze the focalizations that mediate narrative unreliabilities in postmodern metafictional texts.,Нарратологи нарратологически анализируют фокализации, которые опосредуют нарративные ненадёжности в постмодернистских метапрозаических текстах.,Narratologlar postmodern metafiksion matnlarda narrativ ishonchsizliklarini vositalashtiradigan fokalizatsiyalarni narratologik tahlil qiladi.,present_simple,hard
Aerobiologists aerobiologically assess the microbial consortia that catalyze biogeochemical cycles in stratospheric aerosol layers.,Аэробиологи аэробиологически оценивают микробные консорциумы, которые катализируют биогеохимические циклы в стратосферных аэрозольных слоях.,Aerobiologlar stratosfera aerosol qatlamlarida biogeokimyoviy sikllarni kataliz qiladigan mikrob konsortsiumlarini aerobiologik baholaydi.,present_simple,hard
Deconstructionists deconstructionally destabilize the logocentric hierarchies that privilege phonocentrism over graphocentrism in Derridean critiques.,Деконструкционисты деконструкционально дестабилизируют логocentric иерархии, которые отдают предпочтение фонцентризму перед графцентризмом в дерридеанских критиках.,Dekonstruksionistlar Derrida tanqidlarida grafotsentrizm ustidan fonotsentrizmga ustunlik beradigan logotsentrik ierarxiyalarni dekonstruktsion dastabilizatsiya qiladi.,present_simple,hard
Chronobiologists chronobiologically delineate the circadian oscillator networks that entrain peripheral clocks to central suprachiasmatic nuclei.,Хроно биологи хроно биологически описывают сети циркадных осцилляторов, которые синхронизируют периферические часы с центральными супрахиазматическими ядрами.,Xronobiologlar markaziy supraxiazmatik yadrolarga periferik soatlarni sinxronlashtiradigan sirkadian osillyator tarmoqlarini xronobiologik belgilaydi.,present_simple,hard
Syntacticians syntactically formalize the c-command asymmetries that govern anaphoric binding in minimalist program architectures.,Синтаксисты синтаксически формализуют асимметрии c-command, которые управляют анафорическим связыванием в архитектурах минималистской программы.,Sintaktiklar minimalist dastur arxitekturalarida anaforik bog'lashni boshqaradigan c-command assimetriyalarini sintaktik rasmiylashtiradi.,present_simple,hard
Ecocritics ecocritically interrogate the anthropomorphic projections that anthropomorphize nonhuman agencies in environmental literatures.,Экокритики экокритически расследуют антропоморфные проекции, которые антропоморфизируют нечеловеческие агентства в экологических литературах.,Ekokritiklar ekologik adabiyotlarda inson bo'lmagan agentliklarni antropomorfizatsiya qiladigan antropomorf proyeksiyalarni ekokritik so'raydi.,present_simple,hard
Heliophysicists heliophysically model the coronal mass ejection propagations that disrupt magnetospheric dynamos.,Гелиофизики гелиофизически моделируют распространения корональных масс выбросов, которые нарушают магнитосферные динамо.,Geliophiziklar magnitosfer dinamolarini buzuvchi koronar massa chiqarish tarqalishlarini geliophizik modellashtiradi.,present_simple,hard
Psychoanalysts psychoanalytically unpack the Oedipal complexes that sublimate libidinal drives in Freudian topographic models.,Психоаналитики психоаналитически разбирают Эдиповы комплексы, которые сублимируют либидные влечения в фрейдистских топографических моделях.,Psixoanalitiklar Freyd topografik modellarida libidinal impulslarini sublimatsiya qiladigan Oidip komplekslarini psixoanalitik parchalaydi.,present_simple,hard
Morphologists morphologically derive the inflectional paradigms that encode case syncretisms in synthetic language morphologies.,Морфологи морфологически выводят инфлекционные парадигмы, которые кодируют синкретизмы падежей в морфологиях синтетических языков.,Morfologlar sintetik tillar morfologiyalarida hol sinxretizmlarini kodlaydigan infleksion paradigmalarni morfologik chiqaradi.,present_simple,hard
Transpersonal psychologists transpersonally explore the peak experiences that transcend egoic boundaries in Maslowian self-actualization hierarchies.,Трансперсональные психологи трансперсонально исследуют пиковые переживания, которые преодолевают эгоические границы в масловских иерархиях самодеятельности.,Transpersonal psixologlar Maslov o'z-o'zini amalga oshirish ierarxiyalarida ego chegaralarini yenguvchi pik tajribalarni transpersonal o'rganadi.,present_simple,hard
Agroecologists agroecologically assess the agroecosystem services that mitigate biodiversity losses in agroforestry polycultures.,Агроэкологи агроэкологически оценивают услуги агроэкосистем, которые смягчают потери биоразнообразия в агролесных поликультурах.,Agroekologlar agroo'rmon polikulturallarida biologik xilma-xillik yo'qotishlarini yumshatadigan agroekotizim xizmatlarini agroekologik baholaydi.,present_simple,hard
Speculative realists speculatively de-realize the correlationist paradigms that conflate human access with ontological reality.,Спекулятивные реалисты спекулятивно дреализуют корреляционистские парадигмы, которые сливают человеческий доступ с онтологической реальностью.,Spekulyativ realistiklar ontologik haqiqat bilan inson kirishini aralashtiradigan korrelyatsionist paradigmalarni spekulyativ de-realizatsiya qiladi.,present_simple,hard
Petrologists petrologically classify the petrogenetic assemblages that crystallize from mantle-derived peridotite melts.,Петрологи петрологически классифицируют петрогенетические ассамблеи, которые кристаллизуются из мантийных плавок перидотита.,Petrologlar mantiya kelib chiqqan peridotit eritmalaridan kristallanishgan petrogenetik assambleyalarni petrologik tasniflaydi.,present_simple,hard
Affect theorists affect-theoretically map the affective economies that circulate intensities in Deleuze-Guattarian rhizomatic assemblages.,Теоретики аффекта аффект-теоретически наносят на карту аффективные экономики, которые циркулируют интенсивности в делёз-гуаттарианских ризоматических ассамблеях.,Afekt nazariyotchilar Delez-Guattari rizomatik assambleyalarida intensivliklarni aylantiradigan afektiv iqtisodiyotlarni afekt-nazariy xaritalaydi.,present_simple,hard
Paleoecologists paleoecologically reconstruct the paleoecosystem dynamics that precipitated mass extinction events in Phanerozoic eon.,Палеоэкологи палеоэкологически реконструируют динамику палеоэкосистем, которые вызвали массовые вымирания в фанерозойском эоне.,Paleoekologlar Fanerozoy eonida ommaviy yo'q bo'lib ketish voqealarini keltirib chiqargan paleoekotizim dinamikasini paleoekologik qayta quradi.,present_simple,hard
Critical pedagogues critically pedagogically interrogate the hidden curricula that reproduce class hegemonies in neoliberal educational apparatuses.,Критические педагоги критически педагогически расследуют скрытые учебные планы, которые воспроизводят классовые гегемонии в неолиберальных образовательных аппаратах.,Kritik pedagoglar neoliberallar ta'lim apparatlarida sinf gemoniyalarini qayta ishlab chiqaradigan yashirin o'quv dasturlarini kritik pedagogik so'raydi.,present_simple,hard
Exobiologists exobiologically hypothesize the extremophile metabolisms that sustain putative biosignatures on exoplanetary surfaces.,Экзобиологи экзобиологически предполагают метаболизмы экстремофилов, которые поддерживают предполагаемые биосигнатуры на поверхностях экзопланет.,Ekzobiologlar ekzoplaneta yuzalarida taxminiy biosignalarni saqlab qoladigan ekstremofil metabolizmlarini ekzobiologik faraz qiladi.,present_simple,hard
New materialists new-materialistically vitalize the agential capacities that intra-act in Baradian posthumanist ontologies.,Новые материалисты ново-материалистически оживляют агентские способности, которые интра-действуют в барадианских постгуманистских онтологиях.,Yangi materialistlar Barad postgumanist ontologiyalarida intra-akt qiladigan agentlik qobiliyatlarini yangi-materialistik vitalizatsiya qiladi.,present_simple,hard
Stratigraphers stratigraphically correlate the biostratigraphic zonations that delineate chronostratigraphic boundaries in sedimentary successions.,Стратиграфы стратиграфически коррелируют биостратиграфические зоны, которые очерчивают хроностратиграфические границы в осадочных последовательностях.,Stratigraflar cho'kindi ketma-ketligidagi xronostratigrafik chegaralarni belgilaydigan biostratigrafik zonatsiyalarni stratigrafik korrelyatsiya qiladi.,present_simple,hard
Object-oriented ontologists object-oriented-ontologically withdraw the withdrawn objects that resist human-centric correlations in Harmanian philosophies.,Объектно-ориентированные онтологи объектно-ориентированно-онтологически отводят отстранённые объекты, которые сопротивляются гуманоцентричным корреляциям в харманианских философиях.,Ob'ektga yo'naltirilgan ontologlar Harman falsafalarida inson markazli korrelyatsiyalarga qarshilik qiladigan chetga surilgan ob'ektlarni ob'ekt-yo'naltirilgan ontologik chetga suradi.,present_simple,hard
Phytochemists phytochemically isolate the bioactive phytochemicals that modulate pharmacological pathways in ethnopharmacological traditions.,Фитохимики фитохимически изолируют биактивные фитохимикаты, которые модулируют фармакологические пути в этнофармакологических традициях.,Fitoximiklar etnofarmakologik an'analarda farmakologik yo'llarni modulatsiya qiladigan bioaktiv fitoximikatlarni fitoximik izolyatsiya qiladi.,present_simple,hard
Accelerationists accelerationistically accelerate the technological singularities that catalyze post-capitalist societal transformations.,Акцелерационисты акселерационистски ускоряют технологические сингулярности, которые катализируют посткапиталистические социальные трансформации.,Akse leratsionistlar post-kapitalistik jamiyat transformatsiyalarini kataliz qiladigan texnologik singularliklarni akse leratsionist tezlashtiradi.,present_simple,hard
Micropaleontologists micropaleontologically enumerate the foraminiferal biofacies that proxy paleoceanographic conditions in deep-sea cores.,Микропалеонтологи микропалеонтологически перечисляют фораминиферные биофации, которые проксируют палеоокеанографические условия в глубоководных кернах.,Mikropaleontologlar chuqur dengiz kernlarida paleookeanografik sharoitlarni proksi qiladigan foraminiferal biofatsiyalarni mikropaleontologik hisoblaydi.,present_simple,hard
Affect alienists affect-alienistically alienate the alienated affects that estrange emotional economies in Lacanian psychoanalytic topologies.,Аффект-алиенисты аффект-алиенистски отчуждают отчуждённые аффекты, которые отчуждают эмоциональные экономики в лакановских психоаналитических топологиях.,Afekt alienistlar Lakon psixoanalitik topologiyalarida hissiy iqtisodiyotlarni begona qiladigan begona afektlarni afekt-alienist begona qiladi.,present_simple,hard
Neoromanticists neoromanticistically romanticize the sublime ecologies that enchant bioregional ontologies in Thoreauvian transcendentalisms.,Неоромантики неоромантически романтизируют возвышенные экологии, которые очаровывают биорегиональные онтологии в соровьёвских трансцендентализмах.,Neoromantiklar Torov transsendentalizmlarida bioregional ontologiyalarni sehrlaydigan sublim ekologiyalarni neoromantik romantizatsiya qiladi.,present_simple,hard
Synecologists synecologically integrate the synecological interactions that stabilize community assemblages in Lotka-Volterra predator-prey models.,Синэкологи синэкологически интегрируют синэкологические взаимодействия, которые стабилизируют сообщественные ассамблеи в моделях Лотки-Вольтерры хищник-жертва.,Sinekologlar Lotka-Volterra yirtqich-ovbaza modellarida jamiyat assambleyalarini barqarorlashtiradigan sinekologik o'zaro ta'sirlarni sinekologik integratsiya qiladi.,present_simple,hard
Hyperstitionalists hyperstitionally engineer the hyperstitional fictions that retrocausally actualize futural possibilities in Landian cybertheories.,Гиперстиционалисты гиперстиционно конструируют гиперстиционные фикции, которые ретро-казуально актуализируют будущие возможности в лэндианских кибертеориях.,Giperstitsionalistlar Land kibernazariyalarida kelajak imkoniyatlarini retrokazual aktualizatsiya qiladigan giperstitsional xayollarni giperstitsion muhandislik qiladi.,present_simple,hard
Tectonophysicists tectonophysically simulate the tectonic stress accumulations that trigger coseismic slip deficits in viscoelastic lithosphere models.,Тектонoфизики тектонoфизически симулируют накопления тектонических напряжений, которые запускают дефициты косейсмического скольжения в моделях вязкоупругой литосферы.,Tektonophiziklar viskoelastik litosfera modellarida koseysmik siljish defitsitlarini ishga tushiradigan tektonik stress to'planishlarini tektonophizik simulyatsiya qiladi.,present_simple,hard
Autopoiesis theorists autopoietically theorize the autopoietic closures that self-organize operational domains in Maturanan enactive cognitions.,Автопоэзис теоретики автопоэтически теоризируют автопоэтические замыкания, которые самоорганизуют операционные домены в матуранианских энактивных когнициях.,Autopoezis nazariyotchilar Maturana enaktiv kognitsiyalarida operatsion domenlarni o'z-o'zini tashkil etadigan autopoezik yopilishlarni autopoezik nazariy qiladi.,present_simple,hard
Schizoanalysts schizoanalytically map the desiring-machines that deterritorialize libidinal flows in Deleuze-Guattarian schizoanalytic cartographies.,Шизоаналитики шизоаналитически наносят на карту desiring-machines, которые deterritorialize либидные потоки в дельёз-гуаттарианских шизоаналитических картографиях.,Shizoanalitiklar Delez-Guattari shizoanalitik kartografiyalarida libidinal oqimlarni deterritorializatsiya qiladigan desiring-mashinalarni shizoanalitik xaritalaydi.,present_simple,hard
Rhizomatics rhizomatically proliferate the rhizomatic multiplicities that delink arborescent hierarchies in nomadic war machine assemblages.,Ризоматики ризоматически размножают ризоматические множественности, которые разрывают арборесцентные иерархии в номадических воинственно-машинных ассамблеях.,Rizomatiklar nomad urush mashina assambleyalarida arborescent ierarxiyalarni uzadigan rizomatik ko'pligi rizomatik ko'paytiradi.,present_simple,hard
Panpsychists panpsychically posit the panpsychic proto-consciousnesses that constitute experiential qualia in Whiteheadian process ontologies.,Панпсихологи панпсихически предполагают панпсихические прото-сознания, которые составляют experiential qualia в уайтхедовских процессуальных онтологиях.,Panpsixiklar Uaytxed protsess ontologiyalarida tajribaviy qualia tashkil etuvchi panpsixik proto-onglarni panpsixik faraz qiladi.,present_simple,hard
Speculative fabulators speculatively fabulate the speculative fables that narrativize quantum indeterminacies in Bohrian complementarity myths.,Спекулятивные фабулаторы спекулятивно фабулируют спекулятивные басни, которые нарративизируют квантовые неопределённости в бохрианских мифах комплементарности.,Spekulyativ fabulatorlar Bohr komplementarlik miflarida kvant noaniqliklarini narrativizatsiya qiladigan spekulyativ ertaklarni spekulyativ fabulatsiya qiladi.,present_simple,hard
Transcorporeal ecocritics transcorporeally ecocritique the transcorporeal entanglements that blur anthropocentric boundaries in Alaimoan material feminisms.,Транс-корпoreal экокритики транс-корпореально экокритикуют транс-корпoreal запутанности, которые размывают антропоцентрические границы в алаймоанских материальных феминизмах.,Transkorporeal ekokritiklar Alaimo material feminizmlarida antropotsentrik chegaralarni xiralashtiradigan transkorporeal chigallashlarni transkorporeal ekokritik qiladi.,present_simple,hard
Quantum anthropologies quantum-anthropologically entangle the quantum anthropologies that superpose cultural relativities in Harawayian cyborg manifestos.,Квантовые антропологии квантово-антропологически запутывают квантовые антропологии, которые суперпозиционируют культурные релятивности в харауэйанских киборг-манифестах.,Kvant antropologiyalar Haravey kiborg manifestlarida madaniy relativliklarni superpozitsiya qiladigan kvant antropologiyalarini kvant-antropologik chigallaydi.,present_simple,hard
Necropolitical theorists necropolitically theorize the necropolitical sovereignties that biopoliticize death worlds in Mbembian colonial analyses.,Некрополитические теоретики некрополитически теоризируют некрополитические суверенитеты, которые биополитизируют миры смерти в мбембианских колониальных анализах.,Nekropolitik nazariyotchilar Mbembe kolonial tahlillarida o'lim olamlarini biopolitik qiladigan nekropolitik suverenitetlarni nekropolitik nazariy qiladi.,present_simple,hard
Vibrant matter theorists vibrant-matter-theoretically vitalize the vibrant matter agentialities that animate posthumanist ecologies in Bennettian ontologies.,Теоретики vibrant matter vibrant-matter-теоретически оживляют vibrant matter агентские способности, которые анимируют постгуманистские экологии в беннеттианских онтологиях.,Vibrant matter nazariyotchilar Bennett ontologiyalarida postgumanist ekologiyalarni animatsiya qiladigan vibrant matter agentliklarini vibrant-matter nazariy vitalizatsiya qiladi.,present_simple,hard
Assemblage theorists assemblage-theoretically assemble the assemblage becomings that deterritorialize molar identities in Deleuzean molecular revolutions.,Теоретики ассамблея ассамблейно-теоретически собирают становления ассамблея, которые deterritorialize молярные идентичности в дельёзанских молекулярных революциях.,Assambleya nazariyotchilar Delez molekulyar inqiloblari da molar identifikatsiyalarni deterritorializatsiya qiladigan assambleya bo'lishlarini assambleya-nazariy yig'adi.,present_simple,hard
Slow violence theorists slow-violence-theoretically temporalize the slow violence attritions that imperceptibly erode environmental justices in Nixonian critiques.,Теоретики медленного насилия медленного-насилия-теоретически темпорализируют медленного насилия аттриции, которые неощутимо эродируют экологические справедливости в никсоновских критиках.,Se kinchi zo'ravonlik nazariyotchilar Nikson tanqidlarida ekologik adolatlarni sezilmas eroz qiladigan se kinchi zo'ravonlik attritsiyalarini se kinchi-zo'ravonlik nazariy temporalizatsiya qiladi.,present_simple,hard
Multispecies ethnographers multispecies-ethnographically entangle the multispecies kinships that co-constitute more-than-human worlds in Tsingian fungal economies.,Мультивидовые этнографы мультивидово-этнографически запутывают мультивидовые родства, которые co-constitute миры more-than-human в тсингian грибковых экономиках.,Multiturli etnograflar Tsing qo'ziqorin iqtisodiyotlarida inson dan ortiq olamlarni co-constitute qiladigan multiturli qarindoshliklarni multiturli-etnografik chigallaydi.,present_simple,hard
Hauntological theorists hauntologically spectralize the hauntological specters that retroactively haunt deconstructive aporias in Derridean differance deferrals.,Гаунтологические теоретики гаунтологически спектрализуют гаунтологические спектры, которые ретроактивно преследуют деконструктивные апории в дерридеанских дифферанс отложениях.,Gauntologik nazariyotchilar Derrida differans kechiktirishlarida dekonstruktiv aporiyalarni retroaktiv ta'qib qiladigan gauntologik spetrlarni gauntologik spektralizatsiya qiladi.,present_simple,hard
Agnotological epistemologists agnotologically epistemologize the agnotological ignorances that manufacture doubt in Proctorian tobacco industry histories.,Агно тологические эпистемологи агно тологически эпистемологизируют агно тологические невежества, которые производят сомнения в прокторианских историях табачной промышленности.,Agnotologik epistemologlar Proktor tamaki sanoati tarixlarida shubhalarni ishlab chiqaradigan agnotologik jaholatlarni agnotologik epistemologizatsiya qiladi.,present_simple,hard
Petrofeminist materialists petrofeminist-materialistically extract the petrofeminist extractions that feminize hydrocarbon dependencies in Baradonian intra-actions.,Петрофеминистские материалисты петрофеминистско-материалистически извлекают петрофеминистские экстракции, которые феминизируют углеводородные зависимости в барадонианских интра-акциях.,Petrofeminist materialistlar Baradon intra-aktsiyalarida uglevodorod bog'liqliklarini feminizatsiya qiladigan petrofeminist ekstraksiyalarni petrofeminist-materialistik chiqarib oladi.,present_simple,hard
Chthulucene thinkers chthulucene-thinkingly sympoietically weave the chthulucene sympoieses that co-thrive with tentacular multispecies becomings in Harawayan staying-with-the-trouble.,Хтулуценские мыслители хтулуценски-мысляще симпоэтически ткут хтулуценские симпоэзисы, которые co-thrive с tentacular multispecies становлениями в харауэйанском staying-with-the-trouble.,Xtulutsene fikrlovchilar Haravey qolish bilan muammo da tentakulyar multiturli bo'lishlar bilan co-thrive qiladigan xtulutsene simpoezislarini xtulutsene-fikrlovchi simpoetik to'qiladi.,present_simple,hard
